1001,Wallas,Rydzynski,wrydzynski0@blinklist.com
1002,Dorothea,Gold,dgold1@google.nl
1003,Mechelle,Hoogendorp,mhoogendorp2@a8.net
1004,Georgeanne,Aslum,gaslum3@ucsd.edu
1005,Cammy,Eakens,ceakens4@pbs.org
1006,Donny,Hucquart,dhucquart5@artisteer.com
1007,Alix,Fullerton,afullerton6@go.com
1008,Sharlene,Tooher,stooher7@shop-pro.jp
1009,Elke,Simko,esimko8@paginegialle.it
1010,Bengt,Moxstead,bmoxstead9@buzzfeed.com
1011,Izzy,Phalp,iphalpa@nbcnews.com
1012,Christal,Skotcher,cskotcherb@photobucket.com
1013,Veronica,Jeannon,vjeannonc@issuu.com
1014,Marijn,Donaho,mdonahod@example.com
1015,Estella,Disbury,edisburye@dyndns.org
1016,Kalil,Ibbison,kibbisonf@apple.com
1017,Marcelline,Upham,muphamg@ed.gov
1018,Gayla,Spurling,gspurlingh@cnn.com
1019,York,Akitt,yakitti@gravatar.com
1020,Kirstin,Bromidge,kbromidgej@artisteer.com
1021,Horatio,Salzberg,hsalzbergk@cdc.gov
1022,Franky,Bortoluzzi,fbortoluzzil@answers.com
1023,Herold,Cayet,hcayetm@irs.gov
1024,Brittany,Thornebarrow,bthornebarrown@theguardian.com
1025,Elwira,Garr,egarro@technorati.com
1026,Lurleen,Balazot,lbalazotp@usa.gov
1027,Elbertina,Roof,eroofq@earthlink.net
1028,Liv,Percifull,lpercifullr@themeforest.net
1029,Elias,Carrabot,ecarrabots@exblog.jp
1030,Tabatha,Prudham,tprudhamt@stanford.edu
1031,Laura,Eccleston,lecclestonu@usda.gov
1032,Dall,Spellman,dspellmanv@umich.edu
1033,Jethro,Wilcocke,jwilcockew@angelfire.com
1034,Win,Fattore,wfattorex@altervista.org
1035,Spenser,Turone,sturoney@cnet.com
1036,Katleen,Ormerod,kormerodz@sbwire.com
1037,Clywd,Letterese,cletterese10@un.org
1038,Carleton,Ockendon,cockendon11@sfgate.com
1039,Flora,Tripe,ftripe12@mediafire.com
1040,Elsie,Goolding,egoolding13@google.it
1041,Eugine,Della Scala,edellascala14@livejournal.com
1042,Fernanda,Mulhall,fmulhall15@chron.com
1043,Marie-ann,Blackford,mblackford16@symantec.com
1044,Carry,Bowlands,cbowlands17@ibm.com
1045,Philis,Studde,pstudde18@lycos.com
1046,Hetty,Lindores,hlindores19@hao123.com
1047,Clem,Leyden,cleyden1a@dailymail.co.uk
1048,Cozmo,Tooting,ctooting1b@chicagotribune.com
1049,Hillel,Whitley,hwhitley1c@meetup.com
1050,Sapphire,Kener,skener1d@xing.com
1051,Tonia,Feilden,tfeilden1e@wikia.com
1052,Gonzales,Mordue,gmordue1f@unesco.org
1053,Rodi,Brenneke,rbrenneke1g@pagesperso-orange.fr
1054,Willis,Brech,wbrech1h@csmonitor.com
1055,Deloria,Andrzejewski,dandrzejewski1i@hostgator.com
1056,Artemas,Dawtry,adawtry1j@cdbaby.com
1057,Shurwood,Alexander,salexander1k@live.com
1058,Jacinda,Yves,jyves1l@twitpic.com
1059,Claudina,Baly,cbaly1m@squidoo.com
1060,Mickie,O'Currane,mocurrane1n@furl.net
1061,Nadeen,Phin,nphin1o@issuu.com
1062,Payton,Glennie,pglennie1p@miibeian.gov.cn
1063,Winslow,Dudbridge,wdudbridge1q@goo.ne.jp
1064,Jo ann,Vinson,jvinson1r@google.es
1065,Marketa,O' Brian,mobrian1s@ehow.com
1066,Malissia,Gooms,mgooms1t@techcrunch.com
1067,Berty,Le Prevost,bleprevost1u@businesswire.com
1068,Ferguson,Halleday,fhalleday1v@youku.com
1069,Nikita,Lambell,nlambell1w@earthlink.net
1070,Bernardine,Emson,bemson1x@hubpages.com
1071,Dav,Bauer,dbauer1y@people.com.cn
1072,Dulci,Clair,dclair1z@deviantart.com
1073,Fionna,Christol,fchristol20@tuttocitta.it
1074,Jobyna,Seamans,jseamans21@google.it
1075,Win,Smithen,wsmithen22@sogou.com
1076,Barry,Esch,besch23@surveymonkey.com
1077,Annabella,Burfoot,aburfoot24@nature.com
1078,Mair,Rickerby,mrickerby25@reddit.com
1079,Yolande,Dooland,ydooland26@buzzfeed.com
1080,Percy,Klug,pklug27@berkeley.edu
1081,Leanora,DeSousa,ldesousa28@globo.com
1082,Spencer,MacDearmid,smacdearmid29@addthis.com
1083,Rosanne,Bartrum,rbartrum2a@forbes.com
1084,Jermaine,Kahn,jkahn2b@cyberchimps.com
1085,Kyle,Rymill,krymill2c@mac.com
1086,Gavin,Bousquet,gbousquet2d@webs.com
1087,Adriaens,Szwandt,aszwandt2e@google.es
1088,Pooh,Coonan,pcoonan2f@miitbeian.gov.cn
1089,Ali,Dufore,adufore2g@sun.com
1090,Sue,Andree,sandree2h@cbc.ca
1091,Cameron,Haville,chaville2i@deviantart.com
1092,Carmon,Lesaunier,clesaunier2j@hubpages.com
1093,Noemi,Jamme,njamme2k@reference.com
1094,Ringo,Yandle,ryandle2l@free.fr
1095,Alfonso,Lotherington,alotherington2m@netvibes.com
1096,Dayna,Wooton,dwooton2n@networksolutions.com
1097,Allyson,MacCambridge,amaccambridge2o@tinypic.com
1098,Scotti,Redmell,sredmell2p@bigcartel.com
1099,Lauren,Laurenz,llaurenz2q@shinystat.com
1100,Foster,Haugh,fhaugh2r@ycombinator.com
1101,Mikol,Armfield,marmfield2s@ihg.com
1102,Elise,Whall,ewhall2t@behance.net
1103,Mitzi,Mainland,mmainland2u@behance.net
1104,Salli,Breckon,sbreckon2v@clickbank.net
1105,Bearnard,Stockford,bstockford2w@sitemeter.com
1106,Gustave,Marriott,gmarriott2x@unc.edu
1107,Blaire,Freestone,bfreestone2y@digg.com
1108,Vinnie,Lidgate,vlidgate2z@mayoclinic.com
1109,Olivie,Tweddle,otweddle30@blinklist.com
1110,Issie,Cousans,icousans31@zdnet.com
1111,Gardy,Dinan,gdinan32@nyu.edu
1112,Alexis,Kinsell,akinsell33@icq.com
1113,Lauri,Gear,lgear34@pagesperso-orange.fr
1114,Willabella,Rillatt,wrillatt35@miitbeian.gov.cn
1115,Lillis,Vaudin,lvaudin36@elpais.com
1116,Linn,Daltry,ldaltry37@upenn.edu
1117,Dianne,Minghella,dminghella38@dion.ne.jp
1118,Oralee,Karpeev,okarpeev39@de.vu
1119,Brad,Stansell,bstansell3a@google.com.br
1120,Rubin,Sutterfield,rsutterfield3b@mail.ru
1121,Irwin,Cray,icray3c@elegantthemes.com
1122,Jeni,Record,jrecord3d@miibeian.gov.cn
1123,Jewelle,Fredy,jfredy3e@drupal.org
1124,Lamont,Dyzart,ldyzart3f@unc.edu
1125,Hettie,Wardesworth,hwardesworth3g@digg.com
1126,Hector,Carress,hcarress3h@biblegateway.com
1127,Symon,Kowalik,skowalik3i@cafepress.com
1128,Bartel,Grinham,bgrinham3j@cloudflare.com
1129,Odilia,Macbane,omacbane3k@flavors.me
1130,Lydia,Holley,lholley3l@soundcloud.com
1131,Tara,Oblein,toblein3m@printfriendly.com
1132,Ruthi,Vida,rvida3n@geocities.jp
1133,Desi,D'Agostino,ddagostino3o@nymag.com
1134,Carlye,Ovitts,covitts3p@bluehost.com
1135,Goldarina,Orridge,gorridge3q@cyberchimps.com
1136,Ludvig,Berns,lberns3r@ed.gov
1137,Oralle,Beacham,obeacham3s@si.edu
1138,Oswald,Paterson,opaterson3t@devhub.com
1139,Benny,Deason,bdeason3u@google.nl
1140,Roby,MacAdam,rmacadam3v@ow.ly
1141,Nanette,Sallans,nsallans3w@odnoklassniki.ru
1142,Mersey,Mantz,mmantz3x@barnesandnoble.com
1143,Ilaire,Jirka,ijirka3y@vistaprint.com
1144,Hetti,Bram,hbram3z@joomla.org
1145,Lammond,Dinse,ldinse40@home.pl
1146,Efrem,Webben,ewebben41@wikipedia.org
1147,Arlen,Triplow,atriplow42@nbcnews.com
1148,Janek,Jinda,jjinda43@qq.com
1149,Natalie,Tohill,ntohill44@ebay.com
1150,Maurice,Hattrick,mhattrick45@spotify.com
1151,Della,Skinley,dskinley46@addtoany.com
1152,Iosep,Lerigo,ilerigo47@smh.com.au
1153,Jayme,Teresi,jteresi48@shareasale.com
1154,Stavros,Scaice,sscaice49@earthlink.net
1155,Jeri,Weedall,jweedall4a@thetimes.co.uk
1156,Nanni,Maddyson,nmaddyson4b@ucoz.ru
1157,Archaimbaud,Brimfield,abrimfield4c@ezinearticles.com
1158,Hiram,Giovanitti,hgiovanitti4d@usda.gov
1159,Neron,Giraudel,ngiraudel4e@google.fr
1160,Rita,Peto,rpeto4f@friendfeed.com
1161,Vin,Alford,valford4g@delicious.com
1162,Buck,Virgin,bvirgin4h@ning.com
1163,Duffie,Lennard,dlennard4i@huffingtonpost.com
1164,Tanny,Dives,tdives4j@hatena.ne.jp
1165,Helenka,Tidridge,htidridge4k@theatlantic.com
1166,Zaccaria,Pabst,zpabst4l@hugedomains.com
1167,Dorthy,MacCleod,dmaccleod4m@wikispaces.com
1168,Herby,Brolechan,hbrolechan4n@mashable.com
1169,Vanna,Redfearn,vredfearn4o@g.co
1170,Raven,Hocking,rhocking4p@hubpages.com
1171,Gil,Lettson,glettson4q@netlog.com
1172,Brooks,Rignold,brignold4r@gizmodo.com
1173,Susana,Luker,sluker4s@businessweek.com
1174,Dacy,Skingle,dskingle4t@hibu.com
1175,Meir,Ardling,mardling4u@aol.com
1176,Dorena,Rumming,drumming4v@chron.com
1177,Crosby,Danell,cdanell4w@state.tx.us
1178,Leeanne,Diviney,ldiviney4x@sphinn.com
1179,Kattie,Tarn,ktarn4y@blogtalkradio.com
1180,Max,Kimberley,mkimberley4z@reuters.com
1181,Katherine,Tunnadine,ktunnadine50@ask.com
1182,Kinnie,Spark,kspark51@reference.com
1183,Roxanna,Rebillard,rrebillard52@woothemes.com
1184,Halimeda,Menego,hmenego53@tripod.com
1185,Genovera,Molineux,gmolineux54@artisteer.com
1186,Ardine,Poluzzi,apoluzzi55@tmall.com
1187,Benedick,Paroni,bparoni56@gmpg.org
1188,Nollie,Curreen,ncurreen57@marriott.com
1189,Caleb,Horley,chorley58@wordpress.com
1190,Rory,Borrington,rborrington59@omniture.com
1191,Wendye,Rolfi,wrolfi5a@umich.edu
1192,Giffie,Bolzen,gbolzen5b@ezinearticles.com
1193,Sheree,Wortman,swortman5c@domainmarket.com
1194,Carolyne,Rowsel,crowsel5d@sciencedirect.com
1195,Jamie,Bruster,jbruster5e@surveymonkey.com
1196,Maryrose,Staines,mstaines5f@com.com
1197,Ardyth,Leonard,aleonard5g@desdev.cn
1198,Morley,Farney,mfarney5h@cam.ac.uk
1199,Binnie,Vercruysse,bvercruysse5i@mac.com
1200,Shawn,Tinham,stinham5j@noaa.gov
1201,Way,Staining,wstaining5k@prweb.com
1202,Allis,Hellings,ahellings5l@ask.com
1203,Bobbette,Welsby,bwelsby5m@arstechnica.com
1204,Lucina,Brunnstein,lbrunnstein5n@flavors.me
1205,Nydia,Wharton,nwharton5o@newyorker.com
1206,Levi,Kirckman,lkirckman5p@goo.gl
1207,Merlina,Holligan,mholligan5q@hibu.com
1208,Clarine,Beazley,cbeazley5r@wordpress.com
1209,Steffie,Marty,smarty5s@psu.edu
1210,Aldous,Dreini,adreini5t@tumblr.com
1211,Saxe,Boyen,sboyen5u@tuttocitta.it
1212,Herbert,Lewton,hlewton5v@fema.gov
1213,Jeddy,Eddington,jeddington5w@pbs.org
1214,Jereme,Peagram,jpeagram5x@usnews.com
1215,Pandora,Bennett,pbennett5y@yahoo.co.jp
1216,Billie,Olivetta,bolivetta5z@ning.com
1217,Damiano,Lewsie,dlewsie60@ed.gov
1218,Mair,Orta,morta61@opensource.org
1219,Lianna,Cobbledick,lcobbledick62@engadget.com
1220,Neall,Fritche,nfritche63@sohu.com
1221,Hildagard,Jolliffe,hjolliffe64@angelfire.com
1222,Ariela,Sheers,asheers65@simplemachines.org
1223,Cassandra,Tailby,ctailby66@google.com.au
1224,Carena,Posnette,cposnette67@abc.net.au
1225,Whittaker,Robardey,wrobardey68@baidu.com
1226,Estrellita,Gowing,egowing69@umn.edu
1227,Ronnie,Piddington,rpiddington6a@mashable.com
1228,Caterina,Vallintine,cvallintine6b@behance.net
1229,Drona,DelaField,ddelafield6c@sciencedirect.com
1230,Gussy,Longmire,glongmire6d@e-recht24.de
1231,Cortney,Fauning,cfauning6e@stumbleupon.com
1232,Lauryn,Esposi,lesposi6f@usda.gov
1233,Nonah,Schultheiss,nschultheiss6g@posterous.com
1234,Dolores,Hillhouse,dhillhouse6h@apple.com
1235,Averyl,Gerbi,agerbi6i@jigsy.com
1236,Van,McQuillen,vmcquillen6j@behance.net
1237,Kally,Danzelman,kdanzelman6k@ibm.com
1238,Aluino,Estevez,aestevez6l@arstechnica.com
1239,Elmer,Pitney,epitney6m@wufoo.com
1240,Krystal,Noble,knoble6n@wsj.com
1241,Caleb,Redpath,credpath6o@geocities.jp
1242,Zandra,Tofts,ztofts6p@cnn.com
1243,Normie,Blanchet,nblanchet6q@webeden.co.uk
1244,Sara-ann,Duker,sduker6r@usda.gov
1245,Markos,Phillps,mphillps6s@mozilla.org
1246,Carey,Coleford,ccoleford6t@acquirethisname.com
1247,Michelle,Lovelady,mlovelady6u@paypal.com
1248,Noah,Beynkn,nbeynkn6v@blogs.com
1249,Star,Philippson,sphilippson6w@weibo.com
1250,Margette,Pebworth,mpebworth6x@ebay.com
1251,Hillard,Finlay,hfinlay6y@bandcamp.com
1252,Lucia,Cardall,lcardall6z@answers.com
1253,Joshua,Checchi,jchecchi70@istockphoto.com
1254,Park,Haggard,phaggard71@issuu.com
1255,Millie,Duffitt,mduffitt72@yale.edu
1256,Gina,Windas,gwindas73@drupal.org
1257,Rogers,Juggings,rjuggings74@pagesperso-orange.fr
1258,Nestor,Greenland,ngreenland75@infoseek.co.jp
1259,Coletta,Spendley,cspendley76@issuu.com
1260,Alleyn,Beamish,abeamish77@blogtalkradio.com
1261,Lucho,Lynch,llynch78@google.pl
1262,Ariel,Huws,ahuws79@cpanel.net
1263,Gwendolen,Tynewell,gtynewell7a@timesonline.co.uk
1264,Malina,Rowcastle,mrowcastle7b@cornell.edu
1265,Donall,Aitcheson,daitcheson7c@xrea.com
1266,Sofie,O'Carran,socarran7d@github.com
1267,Skipper,Tebbet,stebbet7e@mayoclinic.com
1268,Ruthann,Joynt,rjoynt7f@cyberchimps.com
1269,Cornie,Armes,carmes7g@bravesites.com
1270,Duffie,Paszek,dpaszek7h@uol.com.br
1271,Claire,d'Arcy,cdarcy7i@domainmarket.com
1272,Marisa,Camblin,mcamblin7j@umn.edu
1273,Erminia,Cardoo,ecardoo7k@cdbaby.com
1274,Cate,Blague,cblague7l@google.com
1275,Alisha,Cremen,acremen7m@edublogs.org
1276,Hew,Hewell,hhewell7n@php.net
1277,Marv,Maiden,mmaiden7o@bloomberg.com
1278,Regen,Taft,rtaft7p@drupal.org
1279,Nikos,Guidelli,nguidelli7q@ucsd.edu
1280,Lonna,Biscomb,lbiscomb7r@geocities.jp
1281,Anestassia,Findlater,afindlater7s@shareasale.com
1282,Saunder,Chilcotte,schilcotte7t@google.nl
1283,Way,Iley,wiley7u@macromedia.com
1284,Sydney,Bradmore,sbradmore7v@simplemachines.org
1285,Christye,Benoiton,cbenoiton7w@feedburner.com
1286,Gerti,Cayton,gcayton7x@telegraph.co.uk
1287,Elfie,Mochan,emochan7y@google.ru
1288,Kevan,Filippov,kfilippov7z@fema.gov
1289,Alana,Bogeys,abogeys80@yolasite.com
1290,Sidonia,Schaffler,sschaffler81@pcworld.com
1291,Rooney,Brahams,rbrahams82@meetup.com
1292,Vic,Morten,vmorten83@cyberchimps.com
1293,Garrard,Duggan,gduggan84@usa.gov
1294,Margaret,Bugbee,mbugbee85@altervista.org
1295,Norene,Daubeny,ndaubeny86@upenn.edu
1296,Mollie,Jenks,mjenks87@uol.com.br
1297,Velma,Riepl,vriepl88@epa.gov
1298,Deanna,Gagen,dgagen89@merriam-webster.com
1299,Stewart,Staner,sstaner8a@weebly.com
1300,Charmane,Insoll,cinsoll8b@51.la
1301,Kendrick,Eshelby,keshelby8c@seattletimes.com
1302,Tamar,Bernade,tbernade8d@google.it
1303,Shelton,Jerdan,sjerdan8e@stanford.edu
1304,Pascal,Temlett,ptemlett8f@sciencedirect.com
1305,Ward,Girsch,wgirsch8g@mashable.com
1306,Cleavland,Louden,clouden8h@youtu.be
1307,Martynne,Hammor,mhammor8i@cbc.ca
1308,Bennie,Gonthard,bgonthard8j@reference.com
1309,Alistair,Heart,aheart8k@about.com
1310,Hollie,Crofts,hcrofts8l@opensource.org
1311,Ellynn,MacArte,emacarte8m@xrea.com
1312,Chick,Brock,cbrock8n@ucoz.com
1313,Donnamarie,Milan,dmilan8o@npr.org
1314,Gabriela,Keasley,gkeasley8p@hc360.com
1315,Florentia,Attard,fattard8q@sakura.ne.jp
1316,Aveline,Blackwood,ablackwood8r@a8.net
1317,Charmane,Doswell,cdoswell8s@amazon.de
1318,April,Pagnin,apagnin8t@dell.com
1319,Morgan,Quartly,mquartly8u@sitemeter.com
1320,Harwell,Wincom,hwincom8v@ebay.com
1321,Chastity,Vaillant,cvaillant8w@abc.net.au
1322,Jaquenette,Sandes,jsandes8x@desdev.cn
1323,Korry,Idwal Evans,kidwalevans8y@wikia.com
1324,Leda,Axby,laxby8z@so-net.ne.jp
1325,Maxine,Kingswood,mkingswood90@bigcartel.com
1326,Aksel,Sare,asare91@youtu.be
1327,Brody,Calbaithe,bcalbaithe92@ed.gov
1328,Wilhelmina,Matczak,wmatczak93@privacy.gov.au
1329,Jamie,Nilles,jnilles94@mail.ru
1330,Edvard,Betho,ebetho95@theatlantic.com
1331,Dulcy,Scorton,dscorton96@vimeo.com
1332,Davie,Bedburrow,dbedburrow97@google.fr
1333,Loralie,Smart,lsmart98@sakura.ne.jp
1334,Carr,cornhill,ccornhill99@europa.eu
1335,Hedy,Dowty,hdowty9a@wikia.com
1336,Emlen,Punton,epunton9b@hc360.com
1337,Giovanni,Breakspear,gbreakspear9c@latimes.com
1338,Bibby,Criag,bcriag9d@hhs.gov
1339,Nikolai,Aldersey,naldersey9e@cnn.com
1340,Susanne,Mawby,smawby9f@examiner.com
1341,Happy,Castiblanco,hcastiblanco9g@biglobe.ne.jp
1342,Rhoda,Leatherland,rleatherland9h@icq.com
1343,Daisy,Benez,dbenez9i@ow.ly
1344,Koralle,Paulazzi,kpaulazzi9j@opensource.org
1345,Frederica,Kepe,fkepe9k@mtv.com
1346,Pooh,Still,pstill9l@zdnet.com
1347,Ashlen,Tarborn,atarborn9m@ocn.ne.jp
1348,Rafferty,Bowring,rbowring9n@odnoklassniki.ru
1349,Guthrey,Pashenkov,gpashenkov9o@blogspot.com
1350,Gunilla,Jaeggi,gjaeggi9p@washington.edu
1351,Roseann,Cordel,rcordel9q@example.com
1352,Ammamaria,Rubinovitch,arubinovitch9r@cbslocal.com
1353,Blinnie,Croxley,bcroxley9s@wix.com
1354,Daven,Balnave,dbalnave9t@furl.net
1355,Byran,Otter,botter9u@canalblog.com
1356,Norah,Hucks,nhucks9v@aol.com
1357,Malchy,Begin,mbegin9w@wp.com
1358,Benny,Andreoletti,bandreoletti9x@dmoz.org
1359,Alejandra,Soame,asoame9y@prnewswire.com
1360,Lucien,Falshaw,lfalshaw9z@weebly.com
1361,Andy,Zecchinelli,azecchinellia0@ed.gov
1362,Thedric,Cicconettii,tcicconettiia1@howstuffworks.com
1363,Margery,Woodhouse,mwoodhousea2@springer.com
1364,Mahala,MacPeice,mmacpeicea3@dailymotion.com
1365,Catie,Plowright,cplowrighta4@i2i.jp
1366,Granville,Rougier,grougiera5@state.gov
1367,Merna,Hallede,mhalledea6@princeton.edu
1368,Pebrook,Mahady,pmahadya7@list-manage.com
1369,Pia,Ballaam,pballaama8@cbslocal.com
1370,Codi,Oldrey,coldreya9@stumbleupon.com
1371,Katie,Shears,kshearsaa@ning.com
1372,Minda,Deare,mdeareab@shareasale.com
1373,Candida,McDermott-Row,cmcdermottrowac@amazon.co.uk
1374,Dan,Fry,dfryad@nyu.edu
1375,Kaye,Folan,kfolanae@geocities.com
1376,Natty,Nertney,nnertneyaf@berkeley.edu
1377,Erin,Sandiford,esandifordag@nhs.uk
1378,Betti,Rzehorz,brzehorzah@statcounter.com
1379,Lianna,Thurstan,lthurstanai@sourceforge.net
1380,Arvy,Eberst,aeberstaj@sciencedirect.com
1381,Alika,Hackworthy,ahackworthyak@shop-pro.jp
1382,Ulises,Barnewille,ubarnewilleal@fotki.com
1383,Lizzy,Rackham,lrackhamam@nsw.gov.au
1384,Ellary,McElree,emcelreean@privacy.gov.au
1385,Kristen,Petroulis,kpetroulisao@wisc.edu
1386,Bebe,Nobbs,bnobbsap@storify.com
1387,Gizela,Tomasicchio,gtomasicchioaq@free.fr
1388,Ketti,Cranfield,kcranfieldar@bandcamp.com
1389,Gabey,Brough,gbroughas@xing.com
1390,Oren,Sommersett,osommersettat@angelfire.com
1391,Erl,Glader,egladerau@marriott.com
1392,Winny,Coventon,wcoventonav@usnews.com
1393,Roseline,Welling,rwellingaw@java.com
1394,Mayor,Camden,mcamdenax@sitemeter.com
1395,Merci,Brockley,mbrockleyay@lycos.com
1396,Maggee,McGray,mmcgrayaz@tumblr.com
1397,Liz,Paulin,lpaulinb0@homestead.com
1398,Skipper,Daggett,sdaggettb1@pagesperso-orange.fr
1399,Clio,Chatfield,cchatfieldb2@sun.com
1400,Gilbertine,Schukert,gschukertb3@cafepress.com
1401,Gradey,Chatelot,gchatelotb4@spotify.com
1402,Ashleigh,Kubicka,akubickab5@gmpg.org
1403,Mable,Melesk,mmeleskb6@google.com.au
1404,Mychal,de Quesne,mdequesneb7@ovh.net
1405,Auria,Mewe,ameweb8@newsvine.com
1406,Thaddus,Danielot,tdanielotb9@dedecms.com
1407,Ibby,Carlton,icarltonba@alexa.com
1408,Lazarus,Corns,lcornsbb@foxnews.com
1409,Hilario,Kuschel,hkuschelbc@alexa.com
1410,Rosalinde,de Clerq,rdeclerqbd@weather.com
1411,Aimil,Colten,acoltenbe@yahoo.com
1412,Karine,Gardiner,kgardinerbf@scribd.com
1413,Geri,Vant,gvantbg@php.net
1414,Lonni,Ingrey,lingreybh@deliciousdays.com
1415,Davida,Meakin,dmeakinbi@biglobe.ne.jp
1416,Murvyn,McLucas,mmclucasbj@bizjournals.com
1417,Gisela,Chesworth,gchesworthbk@who.int
1418,Skippie,Balls,sballsbl@google.de
1419,Haily,Cortin,hcortinbm@twitter.com
1420,Vikky,Andreassen,vandreassenbn@etsy.com
1421,Kanya,Staggs,kstaggsbo@ucoz.com
1422,Anica,Warrener,awarrenerbp@nasa.gov
1423,Darlene,Frawley,dfrawleybq@intel.com
1424,Benji,Coviello,bcoviellobr@unicef.org
1425,Elyse,O'Heffernan,eoheffernanbs@yellowpages.com
1426,Thorny,Francey,tfranceybt@ovh.net
1427,Waneta,Skokoe,wskokoebu@aboutads.info
1428,Elonore,Dickerson,edickersonbv@jalbum.net
1429,Maighdiln,Hasell,mhasellbw@sciencedirect.com
1430,Ellene,Ovenden,eovendenbx@slideshare.net
1431,Helsa,Reimer,hreimerby@jiathis.com
1432,Rahal,Fayerbrother,rfayerbrotherbz@example.com
1433,Tito,De Beauchemp,tdebeauchempc0@cornell.edu
1434,Felice,Ventura,fventurac1@hao123.com
1435,Rowland,Chadwyck,rchadwyckc2@cnn.com
1436,Niki,Hatchard,nhatchardc3@eepurl.com
1437,Ezequiel,Poag,epoagc4@msn.com
1438,Faye,Balling,fballingc5@goo.gl
1439,Kamillah,Jaynes,kjaynesc6@twitter.com
1440,Lauretta,Elfitt,lelfittc7@php.net
1441,Caspar,Franses,cfransesc8@pen.io
1442,Candy,Sayer,csayerc9@psu.edu
1443,Baxter,Indge,bindgeca@issuu.com
1444,Rickie,Lots,rlotscb@statcounter.com
1445,Ortensia,Acton,oactoncc@wufoo.com
1446,Jemie,Harmon,jharmoncd@mozilla.org
1447,Derick,Turfitt,dturfittce@amazon.de
1448,Perry,Bart,pbartcf@ehow.com
1449,Maggie,Youd,myoudcg@etsy.com
1450,Giustina,Jonke,gjonkech@biblegateway.com
1451,Morey,Scneider,mscneiderci@alexa.com
1452,Piper,Stammler,pstammlercj@digg.com
1453,Olly,Merrett,omerrettck@ocn.ne.jp
1454,Calli,Knowlton,cknowltoncl@shareasale.com
1455,Mac,Scoyles,mscoylescm@t.co
1456,Olivia,O'Kane,ookanecn@addthis.com
1457,Shandeigh,Lovel,slovelco@privacy.gov.au
1458,Layney,Ebdin,lebdincp@chron.com
1459,Gabby,Crossby,gcrossbycq@weibo.com
1460,Sidonia,Lembcke,slembckecr@deliciousdays.com
1461,Marigold,Ellerman,mellermancs@earthlink.net
1462,Merill,Noonan,mnoonanct@nps.gov
1463,Ellen,Vogelein,evogeleincu@auda.org.au
1464,Donica,Crosier,dcrosiercv@drupal.org
1465,Kendricks,Patrone,kpatronecw@walmart.com
1466,Delmar,Condell,dcondellcx@fastcompany.com
1467,Beret,McMillan,bmcmillancy@printfriendly.com
1468,Douglass,Mellanby,dmellanbycz@goodreads.com
1469,Ewart,Domenc,edomencd0@ucsd.edu
1470,Franzen,Derisly,fderislyd1@uiuc.edu
1471,Darb,Rollitt,drollittd2@hao123.com
1472,Pamela,Licciardiello,plicciardiellod3@booking.com
1473,Rosemarie,Bertelmot,rbertelmotd4@hostgator.com
1474,Zoe,Beddall,zbeddalld5@a8.net
1475,Del,Piercy,dpiercyd6@moonfruit.com
1476,David,Yonnie,dyonnied7@themeforest.net
1477,Tansy,Stonelake,tstonelaked8@flickr.com
1478,Alec,Pavlasek,apavlasekd9@oakley.com
1479,Dar,Bewsey,dbewseyda@techcrunch.com
1480,Maybelle,Colter,mcolterdb@flavors.me
1481,Sunshine,Keyden,skeydendc@ezinearticles.com
1482,Ellynn,Capelle,ecapelledd@walmart.com
1483,Kerr,Bowe,kbowede@symantec.com
1484,Maribel,Gerrets,mgerretsdf@blinklist.com
1485,Milzie,Cheeld,mcheelddg@ehow.com
1486,Estella,Hows,ehowsdh@apple.com
1487,Toma,Mandrier,tmandrierdi@geocities.jp
1488,Adorne,Varvara,avarvaradj@psu.edu
1489,Helen,Kornyshev,hkornyshevdk@arizona.edu
1490,Rori,Shapiro,rshapirodl@yahoo.co.jp
1491,Axe,Grimm,agrimmdm@craigslist.org
1492,Bride,Daugherty,bdaughertydn@cafepress.com
1493,Syman,Lockner,slocknerdo@boston.com
1494,Gianni,Kingscott,gkingscottdp@1und1.de
1495,Melisandra,Douberday,mdouberdaydq@si.edu
1496,Erek,Ouldcott,eouldcottdr@twitpic.com
1497,Harmony,Lorain,hlorainds@usa.gov
1498,Neile,Scargle,nscargledt@jalbum.net
1499,Isabeau,McGilvra,imcgilvradu@intel.com
1500,Bartholomew,Garvey,bgarveydv@hc360.com
1501,Cam,Collins,ccollinsdw@mapy.cz
1502,Franni,Grosier,fgrosierdx@discuz.net
1503,Ami,Baptiste,abaptistedy@gnu.org
1504,Carie,Farlam,cfarlamdz@wiley.com
1505,Gayle,Camillo,gcamilloe0@huffingtonpost.com
1506,Calhoun,Duigenan,cduigenane1@irs.gov
1507,Tuck,Goford,tgoforde2@google.nl
1508,Garreth,Caffery,gcafferye3@mlb.com
1509,Dewey,Samter,dsamtere4@godaddy.com
1510,Tabatha,Butt Gow,tbuttgowe5@wiley.com
1511,Alexandra,Reece,areecee6@nature.com
1512,Brynn,Wallen,bwallene7@moonfruit.com
1513,Marcelia,Spendley,mspendleye8@buzzfeed.com
1514,Talya,Banes,tbanese9@nsw.gov.au
1515,Emmalee,Richarz,ericharzea@globo.com
1516,Livvie,Botterell,lbotterelleb@prlog.org
1517,Silvio,Gutherson,sguthersonec@tumblr.com
1518,Grethel,Le Merchant,glemerchanted@livejournal.com
1519,Hanan,Borgesio,hborgesioee@technorati.com
1520,Vassily,Goulborne,vgoulborneef@wikipedia.org
1521,Betteanne,O'Hartnett,bohartnetteg@parallels.com
1522,Bail,Dunford,bdunfordeh@archive.org
1523,Carlye,Wix,cwixei@yahoo.com
1524,Boris,Alejandri,balejandriej@slate.com
1525,Hedvige,Edlestone,hedlestoneek@i2i.jp
1526,Lynelle,Rivard,lrivardel@eventbrite.com
1527,Kassandra,Meads,kmeadsem@bloglines.com
1528,Dollie,Drewson,ddrewsonen@senate.gov
1529,Teri,Tombling,ttomblingeo@google.co.jp
1530,Teresita,Harnor,tharnorep@chronoengine.com
1531,Matt,Banbrook,mbanbrookeq@i2i.jp
1532,Guinevere,Naisby,gnaisbyer@pinterest.com
1533,Cheryl,Pietzke,cpietzkees@vistaprint.com
1534,Emory,Chessman,echessmanet@epa.gov
1535,Panchito,Emmatt,pemmatteu@ask.com
1536,Moses,Glover,mgloverev@mac.com
1537,Cindee,Althorpe,calthorpeew@dailymotion.com
1538,Ollie,Martinson,omartinsonex@china.com.cn
1539,Burty,Mourant,bmourantey@unesco.org
1540,Doro,Linskill,dlinskillez@thetimes.co.uk
1541,Corella,Vann,cvannf0@shareasale.com
1542,Wally,Englefield,wenglefieldf1@cargocollective.com
1543,Tersina,Probbings,tprobbingsf2@cargocollective.com
1544,Lurette,Harrema,lharremaf3@fema.gov
1545,Mary,McVanamy,mmcvanamyf4@sohu.com
1546,Mayne,Vallentin,mvallentinf5@miibeian.gov.cn
1547,Der,Finnick,dfinnickf6@opera.com
1548,Calli,Segot,csegotf7@mit.edu
1549,Niko,Chatters,nchattersf8@zdnet.com
1550,Ericha,Antrim,eantrimf9@tiny.cc
1551,Andria,Smaridge,asmaridgefa@illinois.edu
1552,Maxi,Reide,mreidefb@jugem.jp
1553,Aeriell,Hanrahan,ahanrahanfc@sbwire.com
1554,Marylinda,Fruin,mfruinfd@hibu.com
1555,Norbert,Buckell,nbuckellfe@360.cn
1556,Alberto,Meeus,ameeusff@over-blog.com
1557,Berget,Townend,btownendfg@dropbox.com
1558,Corbet,Tuckett,ctuckettfh@printfriendly.com
1559,Vevay,Dandison,vdandisonfi@craigslist.org
1560,Fernando,Matthis,fmatthisfj@epa.gov
1561,Sayre,Oley,soleyfk@flavors.me
1562,Florinda,Langelay,flangelayfl@booking.com
1563,Fannie,Gallie,fgalliefm@hostgator.com
1564,Michal,Strudwick,mstrudwickfn@cbsnews.com
1565,Hieronymus,Finnigan,hfinniganfo@edublogs.org
1566,Stephan,Risby,srisbyfp@github.com
1567,Cory,Bortoletti,cbortolettifq@bloglines.com
1568,Ellyn,Ryrie,eryriefr@discuz.net
1569,Rurik,Clarridge,rclarridgefs@ustream.tv
1570,Rosabella,Stanning,rstanningft@quantcast.com
1571,Bellina,Bome,bbomefu@mail.ru
1572,Courtney,O'Flaherty,coflahertyfv@ihg.com
1573,Ferdinande,Barthelet,fbartheletfw@thetimes.co.uk
1574,Galven,Cubbinelli,gcubbinellifx@amazon.com
1575,Electra,Westfield,ewestfieldfy@bbc.co.uk
1576,Stavros,Jewsbury,sjewsburyfz@stumbleupon.com
1577,Ileana,Marchington,imarchingtong0@eventbrite.com
1578,Emmey,Dunbobbin,edunbobbing1@cnn.com
1579,Casi,Pickworth,cpickworthg2@360.cn
1580,Sibelle,Thorrold,sthorroldg3@ftc.gov
1581,Guinna,Montez,gmontezg4@pagesperso-orange.fr
1582,Homere,Akid,hakidg5@purevolume.com
1583,Norri,Medlen,nmedleng6@edublogs.org
1584,Ardelia,Bellchamber,abellchamberg7@dion.ne.jp
1585,Sandie,Radnedge,sradnedgeg8@princeton.edu
1586,Datha,Geeraert,dgeeraertg9@fda.gov
1587,Berny,Baudinet,bbaudinetga@quantcast.com
1588,Caesar,Losseljong,closseljonggb@prnewswire.com
1589,Cybil,Warham,cwarhamgc@symantec.com
1590,Clim,Couves,ccouvesgd@google.fr
1591,Nicky,Poor,npoorge@blogtalkradio.com
1592,Ethan,Wille,ewillegf@state.tx.us
1593,Chloette,Haresnape,charesnapegg@independent.co.uk
1594,Sheena,Hovenden,shovendengh@sina.com.cn
1595,Maighdiln,Cogin,mcogingi@bravesites.com
1596,Tobias,Swanne,tswannegj@miibeian.gov.cn
1597,Hazel,Petrishchev,hpetrishchevgk@boston.com
1598,Tansy,Ventham,tventhamgl@nps.gov
1599,Josefa,Briat,jbriatgm@opensource.org
1600,Meir,Dhennin,mdhenningn@nba.com
1601,Damien,Eschalette,deschalettego@sogou.com
1602,Brandais,Falconbridge,bfalconbridgegp@dropbox.com
1603,Bernhard,Praten,bpratengq@hatena.ne.jp
1604,Carmelle,Bresnen,cbresnengr@businesswire.com
1605,Florenza,Butterfint,fbutterfintgs@live.com
1606,Mahala,Carrol,mcarrolgt@360.cn
1607,Adey,Watsham,awatshamgu@moonfruit.com
1608,Gussy,Arp,garpgv@printfriendly.com
1609,Boote,Gatherell,bgatherellgw@macromedia.com
1610,Lottie,Lane,llanegx@github.io
1611,Tymon,MacBarron,tmacbarrongy@friendfeed.com
1612,Jasmin,Ealam,jealamgz@amazonaws.com
1613,Alissa,enzley,aenzleyh0@miitbeian.gov.cn
1614,Harlen,Stryde,hstrydeh1@cmu.edu
1615,Clemmie,Hearsey,chearseyh2@scribd.com
1616,Malinda,Bartlosz,mbartloszh3@msn.com
1617,Will,Scotson,wscotsonh4@ebay.co.uk
1618,Hynda,Tabram,htabramh5@economist.com
1619,Jillian,Morfey,jmorfeyh6@timesonline.co.uk
1620,Sloan,Musicka,smusickah7@4shared.com
1621,Daisie,Egiloff,degiloffh8@census.gov
1622,Harmony,Chyuerton,hchyuertonh9@princeton.edu
1623,Bengt,Angeau,bangeauha@un.org
1624,Vidovik,Lundon,vlundonhb@a8.net
1625,Herman,MacPake,hmacpakehc@microsoft.com
1626,Randie,Feeley,rfeeleyhd@yandex.ru
1627,Dallas,Kryzhov,dkryzhovhe@house.gov
1628,Izabel,Jeroch,ijerochhf@virginia.edu
1629,Dot,Yourell,dyourellhg@eepurl.com
1630,Marget,Guillard,mguillardhh@usa.gov
1631,Amalle,Hubane,ahubanehi@nsw.gov.au
1632,Shaylyn,Hanhart,shanharthj@nytimes.com
1633,Vassily,Coil,vcoilhk@seattletimes.com
1634,Cletus,Beaven,cbeavenhl@ted.com
1635,Melessa,Rossbrooke,mrossbrookehm@drupal.org
1636,Frank,Shernock,fshernockhn@nsw.gov.au
1637,Claiborn,Cherrett,ccherrettho@ed.gov
1638,Humbert,Blasio,hblasiohp@slideshare.net
1639,Ursa,Lebond,ulebondhq@wordpress.org
1640,Clarence,Middlebrook,cmiddlebrookhr@pinterest.com
1641,Garrot,Oswell,goswellhs@spotify.com
1642,Wallis,MacFarland,wmacfarlandht@latimes.com
1643,Latia,Ivie,liviehu@alibaba.com
1644,Dagny,Harpin,dharpinhv@si.edu
1645,Boycey,Felgat,bfelgathw@technorati.com
1646,Aime,Huniwall,ahuniwallhx@printfriendly.com
1647,Samara,Murrey,smurreyhy@wikia.com
1648,Vergil,Henderson,vhendersonhz@alibaba.com
1649,Deeann,Dagnall,ddagnalli0@mapy.cz
1650,Irv,Radbone,iradbonei1@webmd.com
1651,Charmain,Mc Coughan,cmccoughani2@hibu.com
1652,Oliviero,Halburton,ohalburtoni3@timesonline.co.uk
1653,Honor,Volonte,hvolontei4@intel.com
1654,Lammond,Threadgold,lthreadgoldi5@sourceforge.net
1655,Nolana,McFade,nmcfadei6@google.fr
1656,Xena,Berthod,xberthodi7@mtv.com
1657,Gus,Ubank,gubanki8@ycombinator.com
1658,Torrence,Cains,tcainsi9@bloglovin.com
1659,Ingrim,Fetter,ifetteria@delicious.com
1660,Hubert,Girardet,hgirardetib@microsoft.com
1661,Susette,Iacobacci,siacobacciic@barnesandnoble.com
1662,Chiquita,Rising,crisingid@oakley.com
1663,Christel,Bracey,cbraceyie@hibu.com
1664,Floris,Tuxell,ftuxellif@technorati.com
1665,Giffer,Howford,ghowfordig@exblog.jp
1666,Gaspar,Widocks,gwidocksih@fema.gov
1667,Denny,Cansdale,dcansdaleii@blogspot.com
1668,Felice,Loseke,flosekeij@nydailynews.com
1669,Johnath,Murtell,jmurtellik@google.co.jp
1670,Erv,Lawday,elawdayil@va.gov
1671,Rozanne,Yanne,ryanneim@artisteer.com
1672,Jerrine,Coghlin,jcoghlinin@paypal.com
1673,Clementina,Meeke,cmeekeio@altervista.org
1674,Kevyn,Farrance,kfarranceip@latimes.com
1675,Tremayne,McCerery,tmccereryiq@sciencedirect.com
1676,Lynsey,Lowdham,llowdhamir@webs.com
1677,Constantine,Laird,clairdis@wikispaces.com
1678,Rodrique,Gonnelly,rgonnellyit@issuu.com
1679,Jeane,Cadd,jcaddiu@nifty.com
1680,Corrine,Szymoni,cszymoniiv@dyndns.org
1681,Mariele,Mitchenson,mmitchensoniw@wikia.com
1682,Yance,Turneux,yturneuxix@1688.com
1683,Glenine,Atteridge,gatteridgeiy@boston.com
1684,Monro,Knath,mknathiz@zimbio.com
1685,Normand,Beeston,nbeestonj0@techcrunch.com
1686,Barnabas,Harsant,bharsantj1@infoseek.co.jp
1687,Elladine,Peret,eperetj2@t-online.de
1688,Tan,Crosbie,tcrosbiej3@delicious.com
1689,Caye,Inman,cinmanj4@gizmodo.com
1690,Gay,Dairton,gdairtonj5@paypal.com
1691,Keven,Collett,kcollettj6@irs.gov
1692,Celka,Orred,corredj7@alexa.com
1693,Katerina,Bletsoe,kbletsoej8@psu.edu
1694,Dyann,Skacel,dskacelj9@furl.net
1695,Blake,Ruegg,brueggja@dailymail.co.uk
1696,Libbi,Coolahan,lcoolahanjb@tuttocitta.it
1697,Rahel,Charkham,rcharkhamjc@theglobeandmail.com
1698,Sharla,Plan,splanjd@cloudflare.com
1699,Kevon,Wagerfield,kwagerfieldje@godaddy.com
1700,Jessie,Smewing,jsmewingjf@zimbio.com
1701,Vitia,Longlands,vlonglandsjg@eepurl.com
1702,Joly,Mix,jmixjh@ebay.co.uk
1703,Carlee,Giacomoni,cgiacomoniji@mit.edu
1704,Sella,Bambrugh,sbambrughjj@ebay.co.uk
1705,Binnie,Giovannilli,bgiovannillijk@pen.io
1706,Jim,Ambroix,jambroixjl@youtu.be
1707,Chic,Bourcq,cbourcqjm@buzzfeed.com
1708,Maritsa,Craise,mcraisejn@wikia.com
1709,Lana,Coleborn,lcolebornjo@auda.org.au
1710,Olly,Bourgeois,obourgeoisjp@cnet.com
1711,Beitris,Postlethwaite,bpostlethwaitejq@whitehouse.gov
1712,Andras,Colston,acolstonjr@lulu.com
1713,Myer,McGonigal,mmcgonigaljs@drupal.org
1714,Amalie,Tilbey,atilbeyjt@google.com.br
1715,Diarmid,Symers,dsymersju@google.com
1716,Marsh,Erington,meringtonjv@wufoo.com
1717,Yvonne,Bonnet,ybonnetjw@webnode.com
1718,Carmelina,Nussii,cnussiijx@usnews.com
1719,Bud,Anselmi,banselmijy@icq.com
1720,Aundrea,Cutford,acutfordjz@shareasale.com
1721,Mariele,Taylour,mtaylourk0@marketwatch.com
1722,Verile,Arnaudot,varnaudotk1@php.net
1723,Faber,Schafer,fschaferk2@amazon.co.jp
1724,Marsiella,Akaster,makasterk3@ed.gov
1725,Glen,Moulsdale,gmoulsdalek4@ask.com
1726,Griselda,Gurling,ggurlingk5@amazonaws.com
1727,Merilyn,Teggin,mteggink6@biblegateway.com
1728,Rosemarie,Pettiward,rpettiwardk7@hao123.com
1729,Harman,Dani,hdanik8@163.com
1730,Karlotte,Tulley,ktulleyk9@fema.gov
1731,Cassandry,Pitrollo,cpitrolloka@phpbb.com
1732,Tonya,Voisey,tvoiseykb@rediff.com
1733,Aurie,McDoual,amcdoualkc@geocities.jp
1734,Davie,Ible,diblekd@netlog.com
1735,Jermaine,Plewright,jplewrightke@angelfire.com
1736,Cherish,Devenish,cdevenishkf@goo.ne.jp
1737,Maddy,McElroy,mmcelroykg@typepad.com
1738,Todd,Matzeitis,tmatzeitiskh@unc.edu
1739,Demetra,Esmond,desmondki@odnoklassniki.ru
1740,Pete,Dowle,pdowlekj@telegraph.co.uk
1741,Daniela,Shorland,dshorlandkk@mlb.com
1742,Peter,Garrique,pgarriquekl@bizjournals.com
1743,Nissy,Whitters,nwhitterskm@gmpg.org
1744,Melisande,Yarr,myarrkn@japanpost.jp
1745,Eydie,Plampeyn,eplampeynko@freewebs.com
1746,Reese,Marty,rmartykp@comcast.net
1747,Cally,Bisson,cbissonkq@nba.com
1748,Kylie,Goldman,kgoldmankr@issuu.com
1749,Chrisy,Dalloway,cdallowayks@gov.uk
1750,Deena,Muggeridge,dmuggeridgekt@ox.ac.uk
1751,Gabriele,Brabham,gbrabhamku@smugmug.com
1752,Brenna,Fairburn,bfairburnkv@photobucket.com
1753,Kendricks,Gownge,kgowngekw@furl.net
1754,Lester,Shimman,lshimmankx@ca.gov
1755,Harriette,Dilgarno,hdilgarnoky@umich.edu
1756,Jule,Latty,jlattykz@is.gd
1757,Dennison,Macak,dmacakl0@narod.ru
1758,Georgette,Thomassin,gthomassinl1@phoca.cz
1759,Cornela,Hennington,chenningtonl2@microsoft.com
1760,Wilhelmine,Bryning,wbryningl3@newsvine.com
1761,Blinnie,Flather,bflatherl4@live.com
1762,Lory,Martt,lmarttl5@state.gov
1763,Alameda,Screeton,ascreetonl6@paginegialle.it
1764,Gino,Ferrotti,gferrottil7@posterous.com
1765,Tilly,Sollitt,tsollittl8@chronoengine.com
1766,Ashil,Miell,amielll9@sakura.ne.jp
1767,Susana,Biner,sbinerla@miibeian.gov.cn
1768,Emlen,Curee,ecureelb@eventbrite.com
1769,Leone,Tynnan,ltynnanlc@de.vu
1770,Claire,Bowller,cbowllerld@123-reg.co.uk
1771,Clementine,Tallboy,ctallboyle@gizmodo.com
1772,Edd,Daybell,edaybelllf@hostgator.com
1773,Rebeca,Eva,revalg@exblog.jp
1774,Simone,Grgic,sgrgiclh@usnews.com
1775,Sax,Ianni,siannili@51.la
1776,Abagail,Hedden,aheddenlj@alibaba.com
1777,Brandice,Fernanando,bfernanandolk@yahoo.co.jp
1778,Marline,Drayton,mdraytonll@fc2.com
1779,Ilyse,Itzhak,iitzhaklm@adobe.com
1780,Orland,Carty,ocartyln@reference.com
1781,Buffy,Lansdown,blansdownlo@miitbeian.gov.cn
1782,Delores,d' Elboux,ddelbouxlp@intel.com
1783,Roman,Stopps,rstoppslq@qq.com
1784,Doyle,Songhurst,dsonghurstlr@macromedia.com
1785,Morton,McMyler,mmcmylerls@sogou.com
1786,Auberta,Hitschke,ahitschkelt@wiley.com
1787,Eduino,Winchurch,ewinchurchlu@blinklist.com
1788,Sheilah,Steggles,ssteggleslv@sfgate.com
1789,Mariann,Melior,mmeliorlw@exblog.jp
1790,Eachelle,Corgenvin,ecorgenvinlx@woothemes.com
1791,Reinwald,Yeates,ryeatesly@flickr.com
1792,Cris,Julian,cjulianlz@example.com
1793,Maryjane,Dalliwatr,mdalliwatrm0@princeton.edu
1794,Reiko,Hrycek,rhrycekm1@hostgator.com
1795,Yetta,Abley,yableym2@tripadvisor.com
1796,Eloisa,Mendenhall,emendenhallm3@squarespace.com
1797,Xerxes,Sante,xsantem4@techcrunch.com
1798,Tammi,Matthai,tmatthaim5@chronoengine.com
1799,Tremayne,Jays,tjaysm6@printfriendly.com
1800,Remy,Stokell,rstokellm7@theglobeandmail.com
1801,Sheena,Barns,sbarnsm8@mapquest.com
1802,Dotty,Banasiak,dbanasiakm9@ted.com
1803,Faber,Inglesent,finglesentma@sitemeter.com
1804,Tabor,Coakley,tcoakleymb@tripadvisor.com
1805,Fidelio,Robben,frobbenmc@livejournal.com
1806,Tobit,Issacoff,tissacoffmd@intel.com
1807,Rog,Tees,rteesme@state.tx.us
1808,Ransell,Lackney,rlackneymf@ameblo.jp
1809,Demetri,Puden,dpudenmg@github.io
1810,Vidovic,Whapple,vwhapplemh@google.es
1811,Brent,Le Merchant,blemerchantmi@admin.ch
1812,Rozanna,Doige,rdoigemj@cargocollective.com
1813,Koren,Risom,krisommk@hatena.ne.jp
1814,Darcy,Clemett,dclemettml@digg.com
1815,Juanita,Mewis,jmewismm@netscape.com
1816,Nita,Jacobson,njacobsonmn@e-recht24.de
1817,Ange,Bangiard,abangiardmo@digg.com
1818,Berni,Elsdon,belsdonmp@icq.com
1819,Falito,Thaller,fthallermq@drupal.org
1820,Aguie,Syddie,asyddiemr@cocolog-nifty.com
1821,Lelah,Hubbocks,lhubbocksms@google.it
1822,Cornie,Fewlass,cfewlassmt@plala.or.jp
1823,Lena,Elson,lelsonmu@mac.com
1824,Valentine,Sly,vslymv@nps.gov
1825,Aili,Kluger,aklugermw@si.edu
1826,Addy,Gannon,agannonmx@bluehost.com
1827,Pollyanna,Crowche,pcrowchemy@lulu.com
1828,Colleen,Cattenach,ccattenachmz@digg.com
1829,Annmarie,Tansey,atanseyn0@booking.com
1830,Annadiane,Ellsbury,aellsburyn1@exblog.jp
1831,Fernando,Magson,fmagsonn2@wikipedia.org
1832,Nikolaos,Arntzen,narntzenn3@latimes.com
1833,Mac,Wreight,mwreightn4@barnesandnoble.com
1834,Cori,Smallsman,csmallsmann5@yahoo.co.jp
1835,L;urette,Godfrey,lgodfreyn6@discuz.net
1836,Luciana,Thorsby,lthorsbyn7@sourceforge.net
1837,Guido,Loakes,gloakesn8@washingtonpost.com
1838,Kelly,Gaber,kgabern9@economist.com
1839,Coraline,Ruston,crustonna@uiuc.edu
1840,Florinda,Baldcock,fbaldcocknb@opera.com
1841,Alvina,Attew,aattewnc@google.com.au
1842,Latashia,Schout,lschoutnd@va.gov
1843,Vasily,Milward,vmilwardne@homestead.com
1844,Axe,Andreassen,aandreassennf@mapy.cz
1845,Morgan,Shermar,mshermarng@g.co
1846,Jena,Kerrod,jkerrodnh@npr.org
1847,Annissa,Borer,aborerni@icio.us
1848,Reggy,Deery,rdeerynj@telegraph.co.uk
1849,Viole,Kirley,vkirleynk@msu.edu
1850,Garey,MacNair,gmacnairnl@ocn.ne.jp
1851,Claude,Martinuzzi,cmartinuzzinm@spiegel.de
1852,Kaleb,Bernadzki,kbernadzkinn@hatena.ne.jp
1853,Mathilda,Alcoran,malcoranno@irs.gov
1854,Nefen,Queree,nquereenp@unesco.org
1855,Myrtle,Mann,mmannnq@vistaprint.com
1856,Justus,McMearty,jmcmeartynr@mlb.com
1857,Feliza,Farries,ffarriesns@mail.ru
1858,Schuyler,Rapson,srapsonnt@behance.net
1859,Alisander,Mulrenan,amulrenannu@amazon.com
1860,Sky,Bromehead,sbromeheadnv@fastcompany.com
1861,Phebe,Chafer,pchafernw@de.vu
1862,Gabbi,Wethey,gwetheynx@wufoo.com
1863,Helge,Huygens,hhuygensny@go.com
1864,Mozes,Sherringham,msherringhamnz@bigcartel.com
1865,Gayleen,Blizard,gblizardo0@cbc.ca
1866,Avril,Kahn,akahno1@ebay.com
1867,Hetti,Steabler,hsteablero2@mediafire.com
1868,Fenelia,Dennick,fdennicko3@twitpic.com
1869,Dun,Dullard,ddullardo4@earthlink.net
1870,Evvie,Purkis,epurkiso5@accuweather.com
1871,Gerti,Abbie,gabbieo6@businesswire.com
1872,Willetta,Bagley,wbagleyo7@prlog.org
1873,Finn,Jewson,fjewsono8@free.fr
1874,Alexander,McCulley,amcculleyo9@webmd.com
1875,Misha,Cuniam,mcuniamoa@nymag.com
1876,Vaughan,Parres,vparresob@deliciousdays.com
1877,Lissi,Algeo,lalgeooc@free.fr
1878,Trish,Thresh,tthreshod@wikimedia.org
1879,Anabelle,Harbisher,aharbisheroe@tripod.com
1880,Shanta,Bernardes,sbernardesof@latimes.com
1881,Sandra,Cumberlidge,scumberlidgeog@paypal.com
1882,Kathleen,Crowd,kcrowdoh@tamu.edu
1883,Torey,McEniry,tmceniryoi@1und1.de
1884,Alonzo,Aleksich,aaleksichoj@adobe.com
1885,Riane,Spurman,rspurmanok@is.gd
1886,Esme,Deble,edebleol@hao123.com
1887,Myles,Walcar,mwalcarom@homestead.com
1888,Lorri,Nisen,lnisenon@artisteer.com
1889,Eran,Hardwick,ehardwickoo@1und1.de
1890,Darrick,Goscar,dgoscarop@paypal.com
1891,Pierette,Asp,paspoq@narod.ru
1892,Monique,Jindrak,mjindrakor@shop-pro.jp
1893,Dennison,Fillingham,dfillinghamos@seattletimes.com
1894,Peyter,Chard,pchardot@nature.com
1895,Ondrea,M'Quharge,omquhargeou@bloglines.com
1896,Elmo,Zarfati,ezarfatiov@parallels.com
1897,Kim,Campo,kcampoow@altervista.org
1898,Curtis,Swinburne,cswinburneox@newyorker.com
1899,Solly,Lehr,slehroy@wisc.edu
1900,Caren,Amorts,camortsoz@multiply.com
1901,Anny,Petschel,apetschelp0@xrea.com
1902,Oren,Bortolini,obortolinip1@nsw.gov.au
1903,Noak,Tackley,ntackleyp2@europa.eu
1904,Enriqueta,Peet,epeetp3@go.com
1905,Noelyn,Philippe,nphilippep4@wordpress.org
1906,Consuela,Armstrong,carmstrongp5@t.co
1907,Lisetta,Gwinn,lgwinnp6@angelfire.com
1908,Eddie,Pressman,epressmanp7@google.co.uk
1909,Rogerio,Diaper,rdiaperp8@about.me
1910,Alida,Baines,abainesp9@php.net
1911,Tracey,Lornsen,tlornsenpa@tmall.com
1912,Elia,Kinde,ekindepb@dmoz.org
1913,Winne,Kitchingham,wkitchinghampc@nyu.edu
1914,Glyn,Lackey,glackeypd@exblog.jp
1915,Rica,Benardet,rbenardetpe@webnode.com
1916,Nial,Henrionot,nhenrionotpf@princeton.edu
1917,Farlee,Oldacre,foldacrepg@paginegialle.it
1918,Ryan,Willeman,rwillemanph@webmd.com
1919,Donnie,Losemann,dlosemannpi@networkadvertising.org
1920,Fanechka,Bohler,fbohlerpj@imgur.com
1921,Caril,Maleham,cmalehampk@state.gov
1922,Loni,Pleass,lpleasspl@geocities.com
1923,Pyotr,Skeat,pskeatpm@illinois.edu
1924,Madelina,Murray,mmurraypn@mysql.com
1925,Almeria,Gourdon,agourdonpo@indiatimes.com
1926,Gerrilee,Paylie,gpayliepp@hexun.com
1927,Brennan,McCourt,bmccourtpq@reddit.com
1928,Rorke,McCheyne,rmccheynepr@guardian.co.uk
1929,Barry,Symones,bsymonesps@hud.gov
1930,Ardene,Hadwick,ahadwickpt@jigsy.com
1931,Nikos,St. Clair,nstclairpu@nhs.uk
1932,Farris,Checci,fcheccipv@meetup.com
1933,Lydia,Chidlow,lchidlowpw@xinhuanet.com
1934,Annabelle,Longland,alonglandpx@si.edu
1935,Mair,Rozzell,mrozzellpy@sakura.ne.jp
1936,Benjy,Legat,blegatpz@yahoo.com
1937,Neil,O' Hogan,nohoganq0@sakura.ne.jp
1938,Clarisse,Brougham,cbroughamq1@liveinternet.ru
1939,Caitlin,Petriello,cpetrielloq2@sohu.com
1940,Brok,Henri,bhenriq3@ucoz.ru
1941,Marline,Grange,mgrangeq4@hhs.gov
1942,Nert,Skarin,nskarinq5@bbb.org
1943,Danna,Whitmarsh,dwhitmarshq6@prnewswire.com
1944,Pen,Sheirlaw,psheirlawq7@census.gov
1945,Kristo,Allsep,kallsepq8@hostgator.com
1946,Evangelin,Corney,ecorneyq9@mail.ru
1947,Arnold,Benjafield,abenjafieldqa@alibaba.com
1948,Slade,Sandeman,ssandemanqb@about.me
1949,Bernie,Ruppel,bruppelqc@merriam-webster.com
1950,Seamus,McGebenay,smcgebenayqd@lycos.com
1951,Krista,Gardener,kgardenerqe@domainmarket.com
1952,Natalee,Skayman,nskaymanqf@imdb.com
1953,Mose,Padginton,mpadgintonqg@time.com
1954,Gael,Hedde,gheddeqh@tumblr.com
1955,Perrine,Harmond,pharmondqi@toplist.cz
1956,Pate,Nys,pnysqj@unblog.fr
1957,Rita,Puddephatt,rpuddephattqk@cargocollective.com
1958,Rhodia,Tallyn,rtallynql@diigo.com
1959,Henri,Shannahan,hshannahanqm@uol.com.br
1960,Emelina,Braam,ebraamqn@craigslist.org
1961,Baudoin,Beveredge,bbeveredgeqo@themeforest.net
1962,Fanechka,Neasam,fneasamqp@abc.net.au
1963,Tim,Evanson,tevansonqq@omniture.com
1964,Ellie,Nuccii,enucciiqr@stanford.edu
1965,Pattin,Tallman,ptallmanqs@msu.edu
1966,Roxanna,Godfery,rgodferyqt@barnesandnoble.com
1967,Loutitia,Hedaux,lhedauxqu@house.gov
1968,Jareb,Bromet,jbrometqv@ycombinator.com
1969,Kasper,Beechcraft,kbeechcraftqw@dropbox.com
1970,Zarah,Cabble,zcabbleqx@usatoday.com
1971,Benedetto,Elstow,belstowqy@google.fr
1972,Isidoro,Minogue,iminogueqz@bbc.co.uk
1973,Fredericka,Pudding,fpuddingr0@rakuten.co.jp
1974,Gage,Pocknell,gpocknellr1@economist.com
1975,Jeni,Jeannesson,jjeannessonr2@craigslist.org
1976,Vilhelmina,Vedeniktov,vvedeniktovr3@i2i.jp
1977,Ann,Dionis,adionisr4@bloglines.com
1978,Kinsley,Zanazzi,kzanazzir5@youtu.be
1979,Emylee,Reboulet,erebouletr6@google.nl
1980,Gwendolyn,Enrico,genricor7@geocities.jp
1981,Marleen,Bolsteridge,mbolsteridger8@clickbank.net
1982,Isaac,Gremain,igremainr9@digg.com
1983,Malanie,Gaylord,mgaylordra@time.com
1984,Alicea,Lante,alanterb@umn.edu
1985,Ilyse,Fausset,ifaussetrc@reddit.com
1986,Nana,Jollie,njollierd@ocn.ne.jp
1987,Basilio,Buxsey,bbuxseyre@aboutads.info
1988,Becky,Batchellor,bbatchellorrf@boston.com
1989,Karl,Glander,kglanderrg@amazon.de
1990,Claudette,Elion,celionrh@indiegogo.com
1991,Brennan,Pennini,bpenniniri@about.com
1992,Yale,Kitt,ykittrj@ow.ly
1993,Kimmy,Vodden,kvoddenrk@spotify.com
1994,Boone,Esler,beslerrl@howstuffworks.com
1995,Marleah,Neill,mneillrm@bizjournals.com
1996,Morris,Hyett,mhyettrn@studiopress.com
1997,Evin,Knaggs,eknaggsro@is.gd
1998,Cecilla,Catonne,ccatonnerp@latimes.com
1999,Zola,Linge,zlingerq@exblog.jp
2000,Dorine,Fayers,dfayersrr@globo.com
